scenario_id,scenario_name,category,ledger,group_id,people,event_type,expense_id,happened_at,expense_description,paid_by,amount,currency,fx_rate_to_usd,split_type,split_among,split_values,expected_net_balances_usd,expected_balances_sum,expected_pairwise_settlements,notes
S01,Direct two friends dinner,simple,direct,,Alice;Bob,expense,E01,2026-09-01T19:00:00Z,Dinner at taco place,Alice,40.00,USD,1.00,equal,Alice;Bob,"20,20",direct Alice:+20.00 Bob:-20.00,0.00,direct Bob pays Alice 20.00,1-1 outside any group
S02,Group three way groceries,simple,group,G-default,Alice;Bob;Carol,expense,E01,2026-09-01T18:00:00Z,Weekly groceries,Bob,90.00,USD,1.00,equal,Alice;Bob;Carol,"30,30,30",G-default Alice:-30.00 Bob:+60.00 Carol:-30.00,0.00,G-default Alice pays Bob 30.00; G-default Carol pays Bob 30.00,In-group equal split
S03,Group trip hotel,travel,group,G-trip,Alice;Bob;Carol;Dave,expense,E01,2026-08-10T15:00:00Z,Airbnb 4 nights,Alice,800.00,USD,1.00,equal,Alice;Bob;Carol;Dave,"200,200,200,200",G-trip Alice:+600.00 Bob:-200.00 Carol:-200.00 Dave:-200.00,0.00,G-trip Bob pays Alice 200.00; G-trip Carol pays Alice 200.00; G-trip Dave pays Alice 200.00,Group lodging
S04,Group trip mixed,travel,group,G-trip,Alice;Bob;Carol,expense,E01,2026-08-11T10:00:00Z,Flights booked by Alice,Alice,600.00,USD,1.00,equal,Alice;Bob;Carol,"200,200,200",,,
S04,Group trip mixed,travel,group,G-trip,Alice;Bob;Carol,expense,E02,2026-08-11T12:00:00Z,Hotel paid by Bob,Bob,450.00,USD,1.00,equal,Alice;Bob;Carol,"150,150,150",,,
S04,Group trip mixed,travel,group,G-trip,Alice;Bob;Carol,expense,E03,2026-08-12T20:00:00Z,Food paid by Carol,Carol,120.00,USD,1.00,equal,Alice;Bob;Carol,"40,40,40",G-trip Alice:+210.00 Bob:+60.00 Carol:-270.00,0.00,G-trip Carol pays Alice 210.00; G-trip Carol pays Bob 60.00,Group pairwise
S05,Group exact amounts,unequal,group,G-default,Alice;Bob;Carol,expense,E01,2026-09-02T12:00:00Z,Grocery items,Alice,55.00,USD,1.00,exact,Alice;Bob;Carol,"10.00,20.00,25.00",G-default Alice:+45.00 Bob:-20.00 Carol:-25.00,0.00,G-default Bob pays Alice 20.00; G-default Carol pays Alice 25.00,Shares sum to 55
S06,Group percent rent,unequal,group,G-room,Alice;Bob;Carol,expense,E01,2026-09-01T00:00:00Z,September rent,Alice,2000.00,USD,1.00,percent,Alice;Bob;Carol,"50,30,20",G-room Alice:+1000.00 Bob:-600.00 Carol:-400.00,0.00,G-room Bob pays Alice 600.00; G-room Carol pays Alice 400.00,50/30/20
S07,Group shares utilities,unequal,group,G-room,Alice;Bob;Carol;Dave,expense,E01,2026-09-03T08:00:00Z,Electric bill,Dave,120.00,USD,1.00,shares,Alice;Bob;Carol;Dave,"1,1,1,3",G-room Alice:-20.00 Bob:-20.00 Carol:-20.00 Dave:+60.00,0.00,G-room Alice pays Dave 20.00; G-room Bob pays Dave 20.00; G-room Carol pays Dave 20.00,Six shares of 20
S08,Direct cycle kept pairwise,pairwise,direct,,Alice;Bob;Carol,expense,E01,2026-09-04T10:00:00Z,Alice paid for Bob,Alice,30.00,USD,1.00,exact,Bob,30.00,,,
S08,Direct cycle kept pairwise,pairwise,direct,,Alice;Bob;Carol,expense,E02,2026-09-04T11:00:00Z,Bob paid for Carol,Bob,30.00,USD,1.00,exact,Carol,30.00,,,
S08,Direct cycle kept pairwise,pairwise,direct,,Alice;Bob;Carol,expense,E03,2026-09-04T12:00:00Z,Carol paid for Alice,Carol,30.00,USD,1.00,exact,Alice,30.00,direct Alice:0.00 Bob:0.00 Carol:0.00,0.00,direct Bob pays Alice 30.00; direct Carol pays Bob 30.00; direct Alice pays Carol 30.00,Three 1-1 IOUs; person nets 0; do not cancel cycle
S09,Group overlapping payers,pairwise,group,G-default,Alice;Bob;Carol;Dave,expense,E01,2026-09-05T19:00:00Z,Alice covered group dinner,Alice,100.00,USD,1.00,equal,Alice;Bob;Carol;Dave,"25,25,25,25",,,
S09,Group overlapping payers,pairwise,group,G-default,Alice;Bob;Carol;Dave,expense,E02,2026-09-05T21:00:00Z,Dave covered taxi,Dave,40.00,USD,1.00,equal,Alice;Bob;Carol;Dave,"10,10,10,10",G-default Alice:+65.00 Bob:-35.00 Carol:-35.00 Dave:+5.00,0.00,G-default Bob pays Alice 25.00; G-default Carol pays Alice 25.00; G-default Dave pays Alice 15.00; G-default Bob pays Dave 10.00; G-default Carol pays Dave 10.00,No simplify-debts reroute
S10,Group subset,partial-group,group,G-default,Alice;Bob;Carol;Dave,expense,E01,2026-09-06T20:00:00Z,Movie tickets not Dave,Bob,36.00,USD,1.00,equal,Alice;Bob;Carol,"12,12,12",G-default Alice:-12.00 Bob:+24.00 Carol:-12.00 Dave:0.00,0.00,G-default Alice pays Bob 12.00; G-default Carol pays Bob 12.00,Dave excluded
S11,Group then involved later,partial-group,group,G-default,Alice;Bob;Carol,expense,E01,2026-09-06T09:00:00Z,Coffee Alice and Bob,Alice,8.00,USD,1.00,equal,Alice;Bob,"4,4",,,
S11,Group then involved later,partial-group,group,G-default,Alice;Bob;Carol,expense,E02,2026-09-06T13:00:00Z,Lunch all three,Carol,45.00,USD,1.00,equal,Alice;Bob;Carol,"15,15,15",G-default Alice:-11.00 Bob:-19.00 Carol:+30.00,0.00,G-default Bob pays Alice 4.00; G-default Alice pays Carol 15.00; G-default Bob pays Carol 15.00,Subset then full group
S12,Direct partial repayment,partial-settle,direct,,Alice;Bob,expense,E01,2026-09-07T18:00:00Z,Concert tickets,Alice,120.00,USD,1.00,equal,Alice;Bob,"60,60",,,
S12,Direct partial repayment,partial-settle,direct,,Alice;Bob,settlement,S01,2026-09-08T12:00:00Z,Bob repaid part,Bob,25.00,USD,1.00,settlement,Alice,25.00,direct Alice:+35.00 Bob:-35.00,0.00,direct Bob pays Alice 35.00,1-1 remaining 35
S13,Group two settlements leftover,partial-settle,group,G-default,Alice;Bob;Carol,expense,E01,2026-09-07T19:00:00Z,Shared gift,Alice,90.00,USD,1.00,equal,Alice;Bob;Carol,"30,30,30",,,
S13,Group two settlements leftover,partial-settle,group,G-default,Alice;Bob;Carol,settlement,S01,2026-09-08T09:00:00Z,Bob paid Alice,Bob,30.00,USD,1.00,settlement,Alice,30.00,,,
S13,Group two settlements leftover,partial-settle,group,G-default,Alice;Bob;Carol,settlement,S02,2026-09-08T10:00:00Z,Carol paid Alice partial,Carol,10.00,USD,1.00,settlement,Alice,10.00,G-default Alice:+20.00 Bob:0.00 Carol:-20.00,0.00,G-default Carol pays Alice 20.00,Bob-Alice cleared inside group
S14,Group rounding remainder payer,rounding,group,G-default,Alice;Bob;Carol,expense,E01,2026-09-08T08:00:00Z,Coffee 10 dollars,Alice,10.00,USD,1.00,equal,Alice;Bob;Carol,"3.34,3.33,3.33",G-default Alice:+6.66 Bob:-3.33 Carol:-3.33,0.00,G-default Bob pays Alice 3.33; G-default Carol pays Alice 3.33,Extra cent on payer
S15,Group even four way,rounding,group,G-default,Alice;Bob;Carol;Dave,expense,E01,2026-09-08T09:00:00Z,Snacks 5.00,Bob,5.00,USD,1.00,equal,Alice;Bob;Carol;Dave,"1.25,1.25,1.25,1.25",G-default Alice:-1.25 Bob:+3.75 Carol:-1.25 Dave:-1.25,0.00,G-default Alice pays Bob 1.25; G-default Carol pays Bob 1.25; G-default Dave pays Bob 1.25,No remainder
S16,Group five way even,rounding,group,G-default,A;B;C;D;E,expense,E01,2026-09-08T10:00:00Z,Toll 1.00,A,1.00,USD,1.00,equal,A;B;C;D;E,"0.20,0.20,0.20,0.20,0.20",G-default A:+0.80 B:-0.20 C:-0.20 D:-0.20 E:-0.20,0.00,G-default B pays A 0.20; G-default C pays A 0.20; G-default D pays A 0.20; G-default E pays A 0.20,Even cents
S18,Group roommate month,roommates,group,G-room,Alex;Bailey;Casey,expense,E01,2026-09-01T00:00:00Z,Rent,Alex,1800.00,USD,1.00,equal,Alex;Bailey;Casey,"600,600,600",,,
S18,Group roommate month,roommates,group,G-room,Alex;Bailey;Casey,expense,E02,2026-09-02T00:00:00Z,Internet,Bailey,90.00,USD,1.00,equal,Alex;Bailey;Casey,"30,30,30",,,
S18,Group roommate month,roommates,group,G-room,Alex;Bailey;Casey,expense,E03,2026-09-03T00:00:00Z,Groceries,Alex,120.00,USD,1.00,exact,Alex;Bailey;Casey,"80.00,25.00,15.00",,,
S18,Group roommate month,roommates,group,G-room,Alex;Bailey;Casey,expense,E04,2026-09-04T00:00:00Z,Cleaning,Casey,75.00,USD,1.00,equal,Alex;Bailey;Casey,"25,25,25",G-room Alex:+1185.00 Bailey:-590.00 Casey:-595.00,0.00,G-room Bailey pays Alex 595.00; G-room Casey pays Alex 590.00; G-room Casey pays Bailey 5.00,Keep pairwise edges
S19,Direct zero amount,edge,direct,,Alice;Bob,expense,E01,2026-09-09T00:00:00Z,Placeholder,Alice,0.00,USD,1.00,equal,Alice;Bob,"0,0",direct Alice:0.00 Bob:0.00,0.00,none,Zero 1-1
S20,Group personal item,edge,group,G-default,Alice;Bob;Carol,expense,E01,2026-09-09T01:00:00Z,Alice personal item,Alice,25.00,USD,1.00,exact,Alice,25.00,G-default Alice:0.00 Bob:0.00 Carol:0.00,0.00,none,Payer only
S21,Group payer not in split,edge,group,G-default,Alice;Bob;Carol,expense,E01,2026-09-09T02:00:00Z,Alice paid Bob and Carol lunch,Alice,40.00,USD,1.00,equal,Bob;Carol,"20,20",G-default Alice:+40.00 Bob:-20.00 Carol:-20.00,0.00,G-default Bob pays Alice 20.00; G-default Carol pays Alice 20.00,Reimbursement in group
S22,Group four mixed pairwise,pairwise,group,G-trip,Maya;Noah;Omar;Priya,expense,E01,2026-08-20T19:00:00Z,Maya dinner,Maya,80.00,USD,1.00,equal,Maya;Noah;Omar;Priya,"20,20,20,20",,,
S22,Group four mixed pairwise,pairwise,group,G-trip,Maya;Noah;Omar;Priya,expense,E02,2026-08-20T21:00:00Z,Noah drinks,Noah,40.00,USD,1.00,equal,Maya;Noah;Omar;Priya,"10,10,10,10",,,
S22,Group four mixed pairwise,pairwise,group,G-trip,Maya;Noah;Omar;Priya,expense,E03,2026-08-21T14:00:00Z,Omar museum,Omar,60.00,USD,1.00,equal,Maya;Noah;Omar;Priya,"15,15,15,15",,,
S22,Group four mixed pairwise,pairwise,group,G-trip,Maya;Noah;Omar;Priya,expense,E04,2026-08-21T22:00:00Z,Priya uber,Priya,20.00,USD,1.00,equal,Maya;Noah;Omar;Priya,"5,5,5,5",G-trip Maya:+30.00 Noah:-10.00 Omar:+10.00 Priya:-30.00,0.00,G-trip Noah pays Maya 10.00; G-trip Omar pays Maya 5.00; G-trip Priya pays Maya 15.00; G-trip Noah pays Omar 5.00; G-trip Priya pays Noah 5.00; G-trip Priya pays Omar 10.00,Six pairwise edges
S23,Group national park,travel,group,G-trip,Varun;Sam;Lee;Kim,expense,E01,2026-07-01T16:00:00Z,Park lodge 2 nights,Varun,480.00,USD,1.00,equal,Varun;Sam;Lee;Kim,"120,120,120,120",,,
S23,Group national park,travel,group,G-trip,Varun;Sam;Lee;Kim,expense,E02,2026-07-01T18:00:00Z,Gas,Sam,96.00,USD,1.00,equal,Varun;Sam;Lee;Kim,"24,24,24,24",,,
S23,Group national park,travel,group,G-trip,Varun;Sam;Lee;Kim,expense,E03,2026-07-02T12:00:00Z,Groceries camp,Lee,84.00,USD,1.00,exact,Varun;Sam;Lee;Kim,"21,21,21,21",,,
S23,Group national park,travel,group,G-trip,Varun;Sam;Lee;Kim,expense,E04,2026-07-02T14:00:00Z,Entry fees,Kim,140.00,USD,1.00,exact,Varun;Sam;Lee;Kim,"35,35,35,35",G-trip Varun:+280.00 Sam:-104.00 Lee:-116.00 Kim:-60.00,0.00,G-trip Sam pays Varun 96.00; G-trip Lee pays Varun 99.00; G-trip Kim pays Varun 85.00; G-trip Lee pays Sam 3.00; G-trip Sam pays Kim 11.00; G-trip Lee pays Kim 14.00,Pairwise not simplified
S24,Direct offsetting IOUs,edge,direct,,Alice;Bob,expense,E01,2026-09-10T10:00:00Z,Alice paid Bob share,Alice,50.00,USD,1.00,exact,Bob,50.00,,,
S24,Direct offsetting IOUs,edge,direct,,Alice;Bob,expense,E02,2026-09-10T11:00:00Z,Bob paid Alice back,Bob,50.00,USD,1.00,exact,Alice,50.00,direct Alice:0.00 Bob:0.00,0.00,none,Two 1-1 expenses net to zero
S25,Group percent remainder,rounding,group,G-default,Alice;Bob;Carol,expense,E01,2026-09-10T19:00:00Z,Dinner 100.00,Alice,100.00,USD,1.00,percent,Alice;Bob;Carol,"33.33,33.33,33.34",G-default Alice:+66.67 Bob:-33.33 Carol:-33.34,0.00,G-default Bob pays Alice 33.33; G-default Carol pays Alice 33.34,Percents sum 100
S26,Group shares cabin,unequal,group,G-trip,Pat;Quinn;Riley,expense,E01,2026-09-11T00:00:00Z,Cabin,Pat,300.00,USD,1.00,shares,Pat;Quinn;Riley,"2,2,1",G-trip Pat:+180.00 Quinn:-120.00 Riley:-60.00,0.00,G-trip Quinn pays Pat 120.00; G-trip Riley pays Pat 60.00,Five shares of 60
S28,Group EUR then USD,fx,group,G-trip,Alice;Bob;Carol,expense,E01,2026-08-15T19:00:00Z,Paris dinner,Alice,90.00,EUR,1.10,equal,Alice;Bob;Carol,"30,30,30",,,
S28,Group EUR then USD,fx,group,G-trip,Alice;Bob;Carol,expense,E02,2026-08-16T12:00:00Z,Museum,Bob,45.00,USD,1.00,equal,Alice;Bob;Carol,"15,15,15",G-trip Alice:+51.00 Bob:-3.00 Carol:-48.00,0.00,G-trip Bob pays Alice 18.00; G-trip Carol pays Alice 33.00; G-trip Carol pays Bob 15.00,99 USD dinner plus 45 USD museum
S29,Direct refund,edge,direct,,Alice;Bob,expense,E01,2026-09-12T19:00:00Z,Overcharged dinner,Alice,80.00,USD,1.00,equal,Alice;Bob,"40,40",,,
S29,Direct refund,edge,direct,,Alice;Bob,expense,E02,2026-09-13T10:00:00Z,Refund adjustment,Alice,-20.00,USD,1.00,equal,Alice;Bob,"-10,-10",direct Alice:+30.00 Bob:-30.00,0.00,direct Bob pays Alice 30.00,Negative 1-1 expense
S30,Group eight person,simple,group,G-work,P1;P2;P3;P4;P5;P6;P7;P8,expense,E01,2026-09-14T12:00:00Z,Team offsite lunch,P1,240.00,USD,1.00,equal,P1;P2;P3;P4;P5;P6;P7;P8,"30,30,30,30,30,30,30,30",G-work P1:+210.00 P2:-30.00 P3:-30.00 P4:-30.00 P5:-30.00 P6:-30.00 P7:-30.00 P8:-30.00,0.00,G-work P2 pays P1 30.00; G-work P3 pays P1 30.00; G-work P4 pays P1 30.00; G-work P5 pays P1 30.00; G-work P6 pays P1 30.00; G-work P7 pays P1 30.00; G-work P8 pays P1 30.00,Work group
S31,Group two subgroups,pairwise,group,G-default,Alice;Bob;Carol;Dave,expense,E01,2026-09-14T13:00:00Z,Alice Bob only,Alice,40.00,USD,1.00,equal,Alice;Bob,"20,20",,,
S31,Group two subgroups,pairwise,group,G-default,Alice;Bob;Carol;Dave,expense,E02,2026-09-14T14:00:00Z,Carol Dave only,Carol,40.00,USD,1.00,equal,Carol;Dave,"20,20",,,
S31,Group two subgroups,pairwise,group,G-default,Alice;Bob;Carol;Dave,expense,E03,2026-09-14T15:00:00Z,All four,Dave,80.00,USD,1.00,equal,Alice;Bob;Carol;Dave,"20,20,20,20",G-default Alice:0.00 Bob:-40.00 Carol:0.00 Dave:+40.00,0.00,G-default Bob pays Alice 20.00; G-default Alice pays Dave 20.00; G-default Bob pays Dave 20.00,Carol-Dave cancels; do not collapse to Bob pays Dave 40
S32,Group IOU plus bill,pairwise,group,G-default,Ana;Ben;Cio,expense,E01,2026-09-15T12:00:00Z,Ana paid,Ana,90.00,USD,1.00,equal,Ana;Ben;Cio,"30,30,30",,,
S32,Group IOU plus bill,pairwise,group,G-default,Ana;Ben;Cio,expense,E02,2026-09-15T13:00:00Z,Ben paid for Cio,Ben,30.00,USD,1.00,exact,Cio,30.00,G-default Ana:+60.00 Ben:0.00 Cio:-60.00,0.00,G-default Ben pays Ana 30.00; G-default Cio pays Ana 30.00; G-default Cio pays Ben 30.00,Keep three edges
S33,Group weighted drinks,unequal,group,G-default,Alice;Bob;Carol,expense,E01,2026-09-15T21:00:00Z,Bar tab,Bob,75.00,USD,1.00,shares,Alice;Bob;Carol,"1,3,1",G-default Alice:-15.00 Bob:+30.00 Carol:-15.00,0.00,G-default Alice pays Bob 15.00; G-default Carol pays Bob 15.00,Bob paid 75 share 45 net +30
S34,Direct opening settlement,edge,direct,,Alice;Bob,settlement,S01,2026-09-16T00:00:00Z,Opening balance IOU,Bob,15.00,USD,1.00,settlement,Alice,15.00,direct Alice:-15.00 Bob:+15.00,0.00,direct Alice pays Bob 15.00,1-1 settlement with no expense
S35,Group full pairwise settle,partial-settle,group,G-default,Alice;Bob;Carol,expense,E01,2026-09-16T10:00:00Z,Taxi,Alice,30.00,USD,1.00,equal,Alice;Bob;Carol,"10,10,10",,,
S35,Group full pairwise settle,partial-settle,group,G-default,Alice;Bob;Carol,expense,E02,2026-09-16T11:00:00Z,Tickets,Bob,60.00,USD,1.00,equal,Alice;Bob;Carol,"20,20,20",,,
S35,Group full pairwise settle,partial-settle,group,G-default,Alice;Bob;Carol,settlement,S01,2026-09-17T09:00:00Z,Carol settles Alice,Carol,10.00,USD,1.00,settlement,Alice,10.00,,,
S35,Group full pairwise settle,partial-settle,group,G-default,Alice;Bob;Carol,settlement,S02,2026-09-17T09:05:00Z,Carol settles Bob,Carol,20.00,USD,1.00,settlement,Bob,20.00,,,
S35,Group full pairwise settle,partial-settle,group,G-default,Alice;Bob;Carol,settlement,S03,2026-09-17T09:10:00Z,Alice settles Bob,Alice,10.00,USD,1.00,settlement,Bob,10.00,G-default Alice:0.00 Bob:0.00 Carol:0.00,0.00,none,Each pair settled separately
S36,Two groups isolation,isolation,group,G-room,Alice;Bob,expense,E01,2026-09-18T00:00:00Z,Roommate supplies,Alice,40.00,USD,1.00,equal,Alice;Bob,"20,20",,,
S36,Two groups isolation,isolation,group,G-trip,Alice;Bob,expense,E02,2026-09-18T12:00:00Z,Trip snacks,Bob,40.00,USD,1.00,equal,Alice;Bob,"20,20",G-room Alice:+20.00 Bob:-20.00; G-trip Alice:-20.00 Bob:+20.00,0.00,G-room Bob pays Alice 20.00; G-trip Alice pays Bob 20.00,Do not net across groups
S37,Group receipt lines,receipt,group,G-default,Alice;Bob;Carol,expense,E01,2026-09-18T19:00:00Z,Pizza Alice and Bob,Alice,24.00,USD,1.00,equal,Alice;Bob,"12,12",,,
S37,Group receipt lines,receipt,group,G-default,Alice;Bob;Carol,expense,E02,2026-09-18T19:00:01Z,Beer Bob and Carol,Alice,18.00,USD,1.00,equal,Bob;Carol,"9,9",,,
S37,Group receipt lines,receipt,group,G-default,Alice;Bob;Carol,expense,E03,2026-09-18T19:00:02Z,Tax and tip all,Alice,6.00,USD,1.00,equal,Alice;Bob;Carol,"2,2,2",G-default Alice:+30.00 Bob:-23.00 Carol:-7.00,0.00,G-default Bob pays Alice 23.00; G-default Carol pays Alice 7.00,Single payer different lines
S38,Direct edit after partial pay,mutation,direct,,Alice;Bob,expense,E01,2026-09-19T10:00:00Z,Original concert,Alice,120.00,USD,1.00,equal,Alice;Bob,"60,60",,,
S38,Direct edit after partial pay,mutation,direct,,Alice;Bob,settlement,S01,2026-09-19T12:00:00Z,Bob paid 30,Bob,30.00,USD,1.00,settlement,Alice,30.00,,,
S38,Direct edit after partial pay,mutation,direct,,Alice;Bob,edit,E01,2026-09-19T18:00:00Z,Corrected concert amount,Alice,80.00,USD,1.00,equal,Alice;Bob,"40,40",direct Alice:+10.00 Bob:-10.00,0.00,direct Bob pays Alice 10.00,1-1 share 40 minus paid 30
S39,Direct delete after settle,mutation,direct,,Alice;Bob,expense,E01,2026-09-20T10:00:00Z,Wrong bill,Alice,50.00,USD,1.00,equal,Alice;Bob,"25,25",,,
S39,Direct delete after settle,mutation,direct,,Alice;Bob,settlement,S01,2026-09-20T11:00:00Z,Bob paid 25,Bob,25.00,USD,1.00,settlement,Alice,25.00,,,
S39,Direct delete after settle,mutation,direct,,Alice;Bob,delete,E01,2026-09-20T12:00:00Z,Remove wrong bill,Alice,0.00,USD,1.00,equal,Alice;Bob,"0,0",direct Alice:-25.00 Bob:+25.00,0.00,direct Alice pays Bob 25.00,Settlement remains as credit
S40,Group late joiner,partial-group,group,G-trip,Alice;Bob;Carol;Dave,expense,E01,2026-09-21T10:00:00Z,Before Dave joins,Alice,90.00,USD,1.00,equal,Alice;Bob;Carol,"30,30,30",,,
S40,Group late joiner,partial-group,group,G-trip,Alice;Bob;Carol;Dave,expense,E02,2026-09-22T10:00:00Z,After Dave joins,Bob,40.00,USD,1.00,equal,Alice;Bob;Carol;Dave,"10,10,10,10",G-trip Alice:+50.00 Bob:+10.00 Carol:-40.00 Dave:-10.00,0.00,G-trip Bob pays Alice 20.00; G-trip Carol pays Alice 30.00; G-trip Carol pays Bob 10.00; G-trip Dave pays Bob 10.00,Dave omitted from E01
S41,Direct FX partial settle,fx,direct,,Alice;Bob,expense,E01,2026-08-01T12:00:00Z,Hotel EUR,Alice,100.00,EUR,1.20,equal,Alice;Bob,"50,50",,,
S41,Direct FX partial settle,fx,direct,,Alice;Bob,settlement,S01,2026-08-10T12:00:00Z,Bob paid USD,Bob,20.00,USD,1.00,settlement,Alice,20.00,direct Alice:+40.00 Bob:-40.00,0.00,direct Bob pays Alice 40.00,100 EUR = 120 USD; Bob owed 60 then paid 20
S42,Group largest remainder,rounding,group,G-default,Alice;Bob;Carol,expense,E01,2026-09-23T08:00:00Z,Coffee 10.00,Alice,10.00,USD,1.00,equal,Alice;Bob;Carol,"3.34,3.33,3.33",G-default Alice:+6.66 Bob:-3.33 Carol:-3.33,0.00,G-default Bob pays Alice 3.33; G-default Carol pays Alice 3.33,Extra cent first listed
S43,Direct idempotent ingest,mutation,direct,,Alice;Bob,expense,E01,2026-09-23T09:00:00Z,Dinner first ingest,Alice,40.00,USD,1.00,equal,Alice;Bob,"20,20",,,
S43,Direct idempotent ingest,mutation,direct,,Alice;Bob,expense,E01,2026-09-23T09:00:00Z,Dinner duplicate same id,Alice,40.00,USD,1.00,equal,Alice;Bob,"20,20",direct Alice:+20.00 Bob:-20.00,0.00,direct Bob pays Alice 20.00,Same expense_id once
S44,Direct out of order,mutation,direct,,Alice;Bob,settlement,S01,2026-09-24T08:00:00Z,Bob paid before expense synced,Bob,20.00,USD,1.00,settlement,Alice,20.00,,,
S44,Direct out of order,mutation,direct,,Alice;Bob,expense,E01,2026-09-23T19:00:00Z,Dinner actually earlier,Alice,40.00,USD,1.00,equal,Alice;Bob,"20,20",direct Alice:0.00 Bob:0.00,0.00,none,Order by happened_at
S45,Group shares plus exact,unequal,group,G-room,Alex;Bailey;Casey,expense,E01,2026-09-25T00:00:00Z,Internet shares,Alex,90.00,USD,1.00,shares,Alex;Bailey;Casey,"1,1,1",,,
S45,Group shares plus exact,unequal,group,G-room,Alex;Bailey;Casey,expense,E02,2026-09-25T01:00:00Z,Alex bought Bailey item,Alex,25.00,USD,1.00,exact,Bailey,25.00,G-room Alex:+85.00 Bailey:-55.00 Casey:-30.00,0.00,G-room Bailey pays Alex 55.00; G-room Casey pays Alex 30.00,Inside group extra 1-1 line
S46,Mix group plus direct same pair,mix,group,G-room,Alice;Bob,expense,E01,2026-09-26T00:00:00Z,September rent two roommates,Alice,1800.00,USD,1.00,equal,Alice;Bob,"900,900",,,
S46,Mix group plus direct same pair,mix,direct,,Alice;Bob,expense,E02,2026-09-26T20:00:00Z,Concert not a group bill,Alice,80.00,USD,1.00,equal,Alice;Bob,"40,40",G-room Alice:+900.00 Bob:-900.00; direct Alice:+40.00 Bob:-40.00,0.00,G-room Bob pays Alice 900.00; direct Bob pays Alice 40.00,Same people; do not merge to Bob pays Alice 940
S47,Mix settle only direct,mix,group,G-trip,Alice;Bob;Carol,expense,E01,2026-09-27T10:00:00Z,Trip groceries,Alice,90.00,USD,1.00,equal,Alice;Bob;Carol,"30,30,30",,,
S47,Mix settle only direct,mix,direct,,Alice;Bob,expense,E02,2026-09-27T21:00:00Z,Alice covered Bob taxi,Alice,20.00,USD,1.00,exact,Bob,20.00,,,
S47,Mix settle only direct,mix,direct,,Alice;Bob,settlement,S01,2026-09-28T09:00:00Z,Bob repaid taxi,Bob,20.00,USD,1.00,settlement,Alice,20.00,G-trip Alice:+60.00 Bob:-30.00 Carol:-30.00; direct Alice:0.00 Bob:0.00,0.00,G-trip Bob pays Alice 30.00; G-trip Carol pays Alice 30.00,Direct cleared; group untouched
S48,Mix three directs and one group,mix,direct,,Alice;Bob,expense,E01,2026-09-28T12:00:00Z,Alice Bob coffee,Alice,8.00,USD,1.00,equal,Alice;Bob,"4,4",,,
S48,Mix three directs and one group,mix,direct,,Alice;Carol,expense,E02,2026-09-28T13:00:00Z,Alice Carol lunch,Alice,30.00,USD,1.00,equal,Alice;Carol,"15,15",,,
S48,Mix three directs and one group,mix,direct,,Bob;Carol,expense,E03,2026-09-28T14:00:00Z,Bob Carol drinks,Bob,12.00,USD,1.00,equal,Bob;Carol,"6,6",,,
S48,Mix three directs and one group,mix,group,G-trip,Alice;Bob;Carol,expense,E04,2026-09-28T19:00:00Z,Shared Airbnb,Carol,300.00,USD,1.00,equal,Alice;Bob;Carol,"100,100,100",direct Alice:+19.00 Bob:+2.00 Carol:-21.00; G-trip Alice:-100.00 Bob:-100.00 Carol:+200.00,0.00,direct Bob pays Alice 4.00; direct Carol pays Alice 15.00; direct Carol pays Bob 6.00; G-trip Alice pays Carol 100.00; G-trip Bob pays Carol 100.00,Direct triangle plus separate group bill
S49,Mix FX group and direct USD,mix,group,G-trip,Alice;Bob,expense,E01,2026-08-02T12:00:00Z,Hotel EUR group of two,Alice,100.00,EUR,1.20,equal,Alice;Bob,"50,50",,,
S49,Mix FX group and direct USD,mix,direct,,Alice;Bob,expense,E02,2026-08-02T20:00:00Z,Personal dinner USD,Bob,40.00,USD,1.00,equal,Alice;Bob,"20,20",G-trip Alice:+60.00 Bob:-60.00; direct Alice:-20.00 Bob:+20.00,0.00,G-trip Bob pays Alice 60.00; direct Alice pays Bob 20.00,Do not net to Bob pays Alice 40
S50,Direct payer not participant,edge,direct,,Alice;Bob,expense,E01,2026-09-29T12:00:00Z,Alice paid entirely for Bob,Alice,25.00,USD,1.00,exact,Bob,25.00,direct Alice:+25.00 Bob:-25.00,0.00,direct Bob pays Alice 25.00,Classic 1-1 reimbursement
